COUNTRY..lowest.estimate.or.overall.estimate.used.,CODE
Afghanistan,AFG
Albania,ALB
Algeria,DZA
Angola,AGO
Antigua and Barbuda,ATG
Argentina,ARG
Armenia,ARM
Australia,AUS
Austria,AUT
Azerbaijan,AZE
Bahamas,BHM
Bahrain,BHR
Bangladesh,BGD
Belarus,BLR
Belgium,BEL
Belize,BLZ
Benin,BEN
Bermuda,BMU
Bhutan,BTN
Bolivia,BOL
Bosnia,BIH
Botswana,BWA
Brazil,BRA
Brunei,BRN
Bulgaria,BGR
Burkina Faso,BFA
Burundi,BDI
Cambodia,KHM
Cameroon,CMR
Canada,CAN
Central African Rep,CAF
Chad,TCD
Chile,CHL
China,CHN
Colombia,COL
Comoros,COM
"Congo, DRC",COD
"Congo, Rep",COG
Cook Isl.,COK
Costa Rica,CRI
CÃ´te d'Ivoire,CIV
Croatia,HRV
Cuba,CUB
Cyprus,CYP
Czech Rep.,CZE
Denmark,DNK
Djibouti,DJI
Dominica,DMA
Dominican Rep,DOM
Ecuador,ECU
Egypt,EGY
El Salvador,SLV
Equatorial Guinea,GNQ
Eritrea,ERI
Estonia,EST
Ethiopia,ETH
Falkland Islands,FLK
Fiji,FJI
Finland,FIN
France,FRA
French Polynesia,PYF
Gabon,GAB
Gambia,GMB
Georgia,GEO
Germany,DEU
Ghana,GHA
Greece,GRC
Guatemala,GTM
Guinea-Bissau,GNB
Guinea,GIN
Guyana,GUY
Haiti,HTI
Honduras,HND
Hong Kong,HKG
Hungary,HUN
Iceland,ISL
India,IND
Indonesia,IDN
Iran,IRN
Iraq,IRQ
Ireland,IRL
Israel,ISR
Italy,ITA
Jamaica,JAM
Japan,JPN
Jordan,JOR
Kazakhstan,KAZ
Kenya,KEN
Kiribati,KIR
"Korea, North",PRK
"Korea, South",KOR
Kuwait,KWT
Kyrgyzstan,KGZ
Lao,LAO
Latvia,LVA
Lebanon,LBN
Lesotho,LSO
Liberia,LBR
Libya,LBY
Lithuania,LTU
Luxembourg,LUX
Macau,MAC
"Macedonia, FYR",MKD
Madagascar,MDG
Malawi,MWI
Malaysia,MYS
Maldives,MDV
Mali,MLI
Malta,MLT
Mauritania,MRT
Mauritius,MUS
Mexico,MEX
Micronesia,FSM
Moldova,MDA
Mongolia,MNG
Montenegro,MNE
Morocco,MAR
Mozambique,MOZ
Namibia,NAM
Nepal,NPL
Netherlands,NLD
New Caledonia,NCL
New Zealand,NZL
Nicaragua,NIC
Nigeria,NGA
Niger,NER
Niue,NIU
Northern Mariana Islands,MNP
Norway,NOR
Oman,OMN
Pakistan,PAK
Palau,PLW
Panama,PAN
Papua New Guinea,PNG
Paraguay,PRY
Peru,PER
Philippines,PHL
Poland,POL
Portugal,PRT
Puerto Rico,PRI
Qatar,QAT
Romania,ROU
Russian Fed,RUS
Rwanda,RWA
Saint Kitts and Nevis,KNA
Saint Lucia,LCA
Saint Martin,MAF
Saint Pierre and Miquelon,SPM
Saint Vincent and the Grenadines,VCT
Samoa,WSM
San Marino,SMR
Sao Tome and Principe,STP
Saudi Arabia,SAU
Senegal,SEN
Serbia,SRB
Seychelles,SYC
Sierra Leone,SLE
Singapore,SGP
Sint Maarten,SXM
Slovakia,SVK
Slovenia,SVN
Solomon Isl.,SLB
Somalia,SOM
South Africa,ZAF
South Sudan,SSD
Spain,ESP
Sri Lanka,LKA
Sudan,SDN
Suriname,SUR
Swaziland,SWZ
Sweden,SWE
Switzerland,CHE
Syria,SYR
Taiwan,TWN
Tajikistan,TJK
"Tanzania,",TZA
Thailand,THA
Timor-Leste,TLS
Togo,TGO
Tonga,TON
Trinidad & Tobago,TTO
Tunisia,TUN
Turkey,TUR
Turkmenistan,TKM
Tuvalu,TUV
Uganda,UGA
Ukraine,UKR
UAE,ARE
England & Wales,GBR
USA,USA
Uruguay,URY
Uzbekistan,UZB
Vanuatu,VUT
Venezuela,VEN
Vietnam,VNM
Virgin Islands,VGB
West Bank,WBG
Yemen,YEM
Zambia,ZMB
Zimbabwe,ZWE
